{"timestamps": [1472858483.561758, 1472858483.876067, 1472858483.920014, 1472858483.930664, 1472858483.955686, 1472858483.968689, 1472858483.990568, 1472858484.00357, 1472858484.311898, 1472858484.362904, 1472858484.382854, 1472858484.396139, 1472858484.413641, 1472858484.432914, 1472858484.443446, 1472858484.472458, 1472858484.483827, 1472858484.495353, 1472858484.517165, 1472858484.546482, 1472858484.574895, 1472858484.593266, 1472858484.606815, 1472858484.617166, 1472858484.63438, 1472858484.652637, 1472858484.671285, 1472858485.564691, 1472858485.622725, 1472858485.635688], "initial_reset_timestamp": 1472858482.780764, "episode_lengths": [14, 13, 17, 12, 29, 13, 21, 14, 15, 22, 24, 15, 18, 23, 12, 36, 13, 13, 19, 31, 19, 15, 14, 11, 20, 13, 15, 47, 19, 15], "episode_rewards": [14.0, 13.0, 17.0, 12.0, 29.0, 13.0, 21.0, 14.0, 15.0, 22.0, 24.0, 15.0, 18.0, 23.0, 12.0, 36.0, 13.0, 13.0, 19.0, 31.0, 19.0, 15.0, 14.0, 11.0, 20.0, 13.0, 15.0, 47.0, 19.0, 15.0]}